Datetime,Water Level (m)
2025-10-28 06:00:00,-5.314215e-05
2025-10-28 07:00:00,-6.0220955e-05
2025-10-28 08:00:00,-6.169151e-05
2025-10-28 09:00:00,-3.959302e-05
2025-10-28 10:00:00,-4.071329e-05
2025-10-28 11:00:00,-1.6722783e-05
2025-10-28 12:00:00,8.84436e-06
2025-10-28 13:00:00,4.525537e-06
2025-10-28 14:00:00,9.347761e-06
2025-10-28 15:00:00,-2.1882715e-05
2025-10-28 16:00:00,-4.9946113e-05
2025-10-28 17:00:00,-4.4049328e-05
2025-10-28 18:00:00,-6.565029e-05
2025-10-28 19:00:00,-7.705054e-05
2025-10-28 20:00:00,-7.674653e-05
2025-10-28 21:00:00,-4.4542332e-05
2025-10-28 22:00:00,-2.2409477e-05
2025-10-28 23:00:00,-4.2514644e-06
2025-10-29 00:00:00,-1.8537705e-05
2025-10-29 01:00:00,-9.208222e-06
2025-10-29 02:00:00,-5.5157863e-05
2025-10-29 03:00:00,-7.723813e-05
2025-10-29 04:00:00,-6.716665e-05
2025-10-29 05:00:00,-5.9268215e-05
2025-10-29 06:00:00,-0.00012201028
2025-10-29 07:00:00,-0.0001289884
2025-10-29 08:00:00,-9.054661e-05
2025-10-29 09:00:00,-0.00010997473
2025-10-29 10:00:00,-7.082927e-05
2025-10-29 11:00:00,-3.757018e-05
2025-10-29 12:00:00,-9.0239035e-07
2025-10-29 13:00:00,-2.7184028e-06
2025-10-29 14:00:00,-5.535477e-06
2025-10-29 15:00:00,-1.1627346e-05
2025-10-29 16:00:00,-1.5836307e-05
2025-10-29 17:00:00,-3.6708112e-05
2025-10-29 18:00:00,-5.021606e-05
2025-10-29 19:00:00,-5.6156936e-05
2025-10-29 20:00:00,-5.9024387e-05
2025-10-29 21:00:00,-6.0846734e-05
2025-10-29 22:00:00,-4.3111773e-05
2025-10-29 23:00:00,-3.2465214e-05
2025-10-30 00:00:00,-9.008051e-06
2025-10-30 01:00:00,-7.249392e-07
2025-10-30 02:00:00,-1.1170061e-05
2025-10-30 03:00:00,-1.4807007e-05
2025-10-30 04:00:00,-7.773354e-06
2025-10-30 05:00:00,-1.5181442e-05
2025-10-30 06:00:00,3.8177377e-06
2025-10-30 07:00:00,-8.574622e-06
2025-10-30 08:00:00,-3.6349356e-05
2025-10-30 09:00:00,-4.063354e-05
2025-10-30 10:00:00,-2.0208972e-05
2025-10-30 11:00:00,-1.1048571e-05
2025-10-30 12:00:00,2.3314358e-05
2025-10-30 13:00:00,4.4947097e-05
2025-10-30 14:00:00,4.8318583e-05
2025-10-30 15:00:00,4.8901242e-05
2025-10-30 16:00:00,5.154898e-05
2025-10-30 17:00:00,4.2996e-05
2025-10-30 18:00:00,4.518758e-05
2025-10-30 19:00:00,3.5397374e-05
2025-10-30 20:00:00,3.0383204e-05
2025-10-30 21:00:00,3.1039166e-05
2025-10-30 22:00:00,1.5511221e-05
2025-10-30 23:00:00,1.6178983e-05
2025-10-31 00:00:00,2.2629345e-05
2025-10-31 01:00:00,1.8804863e-05
2025-10-31 02:00:00,3.8062666e-05
2025-10-31 03:00:00,5.8910755e-05
2025-10-31 04:00:00,7.923336e-05
2025-10-31 05:00:00,9.785954e-05
2025-10-31 06:00:00,0.0001232669
2025-10-31 07:00:00,0.00020394484
2025-10-31 08:00:00,0.0003046924
2025-10-31 09:00:00,0.00021894029
2025-10-31 10:00:00,0.00012503982
2025-10-31 11:00:00,8.292949e-05
2025-10-31 12:00:00,9.79369e-05
2025-10-31 13:00:00,8.677806e-05
2025-10-31 14:00:00,9.851587e-05
2025-10-31 15:00:00,9.543882e-05
2025-10-31 16:00:00,0.00010664339
2025-10-31 17:00:00,0.00010179044
2025-10-31 18:00:00,8.991533e-05
2025-10-31 19:00:00,9.629714e-05
2025-10-31 20:00:00,8.943554e-05
2025-10-31 21:00:00,7.813791e-05
2025-10-31 22:00:00,8.809659e-05
2025-10-31 23:00:00,8.168472e-05
2025-11-01 00:00:00,6.9488546e-05
2025-11-01 01:00:00,8.108334e-05
2025-11-01 02:00:00,0.00020608355
2025-11-01 03:00:00,0.00017094807
2025-11-01 04:00:00,0.00015036434
2025-11-01 05:00:00,0.00016495169
2025-11-01 06:00:00,0.0001955252
2025-11-01 07:00:00,0.00020987351
2025-11-01 08:00:00,0.00020526338
2025-11-01 09:00:00,0.0002095795
2025-11-01 10:00:00,0.00012127264
2025-11-01 11:00:00,5.165312e-05
2025-11-01 12:00:00,1.2367979e-05
2025-11-01 13:00:00,1.465471e-05
2025-11-01 14:00:00,2.0295676e-05
2025-11-01 15:00:00,3.1391348e-05
2025-11-01 16:00:00,3.6368e-05
2025-11-01 17:00:00,5.2219602e-05
2025-11-01 18:00:00,5.3831307e-05
2025-11-01 19:00:00,4.9281156e-05
2025-11-01 20:00:00,4.3426917e-05
2025-11-01 21:00:00,2.8978473e-05
2025-11-01 22:00:00,1.1269732e-05
2025-11-01 23:00:00,9.744861e-06
2025-11-02 00:00:00,1.8219565e-05
2025-11-02 01:00:00,2.5884205e-05
2025-11-02 02:00:00,1.2363193e-05
2025-11-02 03:00:00,1.5878402e-05
2025-11-02 04:00:00,4.4748725e-05
2025-11-02 05:00:00,8.0693586e-05
2025-11-02 06:00:00,0.00010949437
2025-11-02 07:00:00,0.0001269241
2025-11-02 08:00:00,0.00014627553
2025-11-02 09:00:00,0.00015037767
2025-11-02 10:00:00,9.81661e-05
2025-11-02 11:00:00,5.6156983e-05
2025-11-02 12:00:00,3.5951372e-05
2025-11-02 13:00:00,9.530787e-06
2025-11-02 14:00:00,1.0146425e-06
2025-11-02 15:00:00,5.8350097e-06
2025-11-02 16:00:00,1.5001546e-05
2025-11-02 17:00:00,4.1653468e-05
2025-11-02 18:00:00,5.80673e-05
2025-11-02 19:00:00,5.677006e-05
2025-11-02 20:00:00,4.3626063e-05
2025-11-02 21:00:00,4.349837e-05
2025-11-02 22:00:00,4.6598325e-05
2025-11-02 23:00:00,3.9826118e-05
2025-11-03 00:00:00,3.2265255e-06
2025-11-03 01:00:00,-2.2859605e-05
2025-11-03 02:00:00,-7.566031e-05
2025-11-03 03:00:00,-0.000116798255
2025-11-03 04:00:00,-0.00013205776
2025-11-03 05:00:00,-9.846594e-05
2025-11-03 06:00:00,-5.5376673e-05
